{
  "hash": "5de570ad",
  "browserHash": "e8bdff21",
  "optimized": {
    "@angular/common": {
      "src": "../../../../../node_modules/@angular/common/fesm2022/common.mjs",
      "file": "@angular_common.js",
      "fileHash": "348e40ba",
      "needsInterop": false
    },
    "@angular/core": {
      "src": "../../../../../node_modules/@angular/core/fesm2022/core.mjs",
      "file": "@angular_core.js",
      "fileHash": "b9069fd6",
      "needsInterop": false
    },
    "@angular/platform-browser": {
      "src": "../../../../../node_modules/@angular/platform-browser/fesm2022/platform-browser.mjs",
      "file": "@angular_platform-browser.js",
      "fileHash": "01419ffc",
      "needsInterop": false
    },
    "@angular/router": {
      "src": "../../../../../node_modules/@angular/router/fesm2022/router.mjs",
      "file": "@angular_router.js",
      "fileHash": "035ebe10",
      "needsInterop": false
    },
    "@angular/forms": {
      "src": "../../../../../node_modules/@angular/forms/fesm2022/forms.mjs",
      "file": "@angular_forms.js",
      "fileHash": "c0d0fdbc",
      "needsInterop": false
    }
  },
  "chunks": {
    "chunk-ZH5OK2SG": {
      "file": "chunk-ZH5OK2SG.js"
    },
    "chunk-WTKTNTGT": {
      "file": "chunk-WTKTNTGT.js"
    },
    "chunk-IH2XHIWS": {
      "file": "chunk-IH2XHIWS.js"
    }
  }
}